version,name
002,businesses
003,dual_asset_upload
004,production_upload_schema
005,ownership_enforcement
006,rls_policies
007,storage_policies
008,backfill_business_id
009,lock_business_id
010,gallery_sections
011,add_local_id
012,fix_current_business_id
013,debug_auth_state
014,demo_galleries
015,plans_and_subscriptions
016,slug_storage_paths
017,client_hidden_images
018,public_business_lookup
019,vendors
020,face_recognition
021,face_index_auto_complete
022,face_index_claim_rpc
023,event_lead_capture
024,questionnaires
025,gallery_slug
027,password_security
034,password_rate_limit
035,password_rate_limit_response
036,face_index_retry_tracking
037,face_index_recompute_rpc
038,recompute_image_count
039,face_search_cache
040,fix_get_my_usage
20260505203229,signed_gate_tokens
20260505203424,gallery_delete_set_null_refs
20260505203509,token_economy
20260505203525,plans_token_packages
20260505203554,activities_and_favorites
20260505203613,gallery_metrics_counters
20260505203625,gallery_favorites_unique_fix
20260505204536,harden_metric_trigger_search_path
20260506081125,business_custom_domain
20260506085851,fix_gallery_get_images_order_by
20260506180923,feed_plans
20260506205649,052_image_ai_scores
20260507135120,053b_clients_slug_retry
20260507140304,054_gallery_sections_slug
20260507223015,055_drop_anon_all_storage_policies
20260507230303,056_feed_plans_draft_visibility
20260508070249,057_client_auth
20260508102554,058_public_thumbs_bucket
20260508163806,060_cleanup_eclipse_orphan_images
20260508164059,061_public_gallery_sessions
20260509152819,059_fix_storage_policy_name_shadow
20260529105225,temp_backfill_image_dims_fn
20260529114619,auto_gallery_slug_trigger
20260530162922,gallery_sections_description
20260530181147,063_gallery_status_enum
20260530192525,064_jsonb_to_columns
20260530192637,066_story_renders
20260530192729,065_section_id_not_null
20260530194127,067_gallery_revisions
20260530195128,gallery_get_published_snapshot
20260530195702,069_update_gallery_settings_rpc
20260530200031,070_reorder_images_rpc
20260530213725,071_duplicate_gallery_rpc
20260530215929,072_business_brand_kit
20260531083256,074_gallery_stories_storage
20260608122949,gallery_bootstrap
20260608124606,widen_delivery_settings_allowlist
20260608185914,validator_accept_desktop_conventions
20260620195426,075_pricing_model_v2
20260620195654,076_gallery_one_time_unlock
20260620201118,077_gallery_requires_payment
20260620201614,078_gallery_paywall_enforcement
20260625091429,drop_godmode_anon_rls_policies
20260625112928,storage_phase1_anon_insert_lockdown
20260625133902,password_gate_server_enforcement
20260626101705,derivative_backfill_support
20260629092814,079_revoke_privileged_rpc_public_execute
20260629093023,080_feed_plans_drop_anon_read
20260629093343,081_free_tier_gallery_cap
20260720205859,085_admin_credit_grants
20260721070459,086_cover_settings_allowlist
20260721140604,087_face_index_cron_sweeper
20260803080948,download_tracking_email
20260803081002,download_log_authenticated_insert
20260808043728,client_memberships
20260808043729,business_entitlements
20260808043730,client_access_audit
20260808043731,client_portal_rpcs
20260808043732,client_admin_read_rpcs
20260808043733,cpv2_auth_helpers
20260808043734,bootstrap_entitlements
20260808043735,client_member_read_policies
20260808043736,onboarding_progress
20260808043737,gallery_event_metadata
20260808043738,search_rpcs
20260808043739,import_center
20260808043740,tender_collections
20260808043741,tender_grants_hardening
20260808043742,portal_client_resolver
20260808043743,rls_initplan_error_hygiene
20260808043744,retire_gallery_paywall
20260808043745,grid_spacing_allowlist
20260808043746,gallery_meta_brand_defaults
20260808043747,gallery_meta_null_safe
20260808043748,editor_rpc_grant_hardening
20260808043749,gallery_appearance
20260808043750,replace_image_rpc
20260808043751,gallery_presets
20260808043752,draft_isolation_hardening
20260811181934,story_studio_draft_persistence
20260812114951,restore_get_my_plan_rpc
20260813062954,dashboard_cover_thumbs_rpc
20260813063024,dashboard_cover_thumbs_lateral
20261002213045,115_private_face_mode_enforcement
